Email,FirstName,Gender,LastName,Password,ConfirmPassword
linda85morgan@gmail.com,Linda,M,Morgan,94500643,94500643
james34hall@gmail.com,James,F,Hall,12331635,12331635
kevin39jones@gmail.com,Kevin,F,Jones,45501093,45501093
john84stephens@gmail.com,John,M,Stephens,64939827,64939827
john19hart@gmail.com,John,F,Hart,40867410,40867410
brian84charles@gmail.com,Brian,M,Charles,46843155,46843155
ronnie79cooper@gmail.com,Ronnie,M,Cooper,77123404,77123404
emma16meyer@gmail.com,Emma,F,Meyer,21902136,21902136
jason18nguyen@gmail.com,Jason,F,Nguyen,52242822,52242822
dan31arroyo@gmail.com,Dan,F,Arroyo,71087743,71087743
